[
  {
    "business_name": "Protagonist Cafe",
    "overall_rating": "4.7",
    "total_review_count": "(168 reviews)",
    "reviewer_name": "J L.",
    "reviewer_location": "New Bedford, MA",
    "date": "Jun 30, 2025",
    "text": "Traveling from New England to California, we knew nothing about the area except for an article that described PC as great place to sit and have a coffee.Latte's were excellent, bathroom clean, dog friendly and let me feed my tiny dog inside! Artsy bookstore feel inside, other guest were friendly and all helped create a great coffee shop vibe.  Only critique: busy, so a LITTLE slow.. keep in mind, I'm used to Boston fast. Highly recommend. 5 stars!"
  },
  {
    "business_name": "Protagonist Cafe",
    "overall_rating": "4.7",
    "total_review_count": "(168 reviews)",
    "reviewer_name": "Vinnie M.",
    "reviewer_location": "WI, WI",
    "date": "Jun 28, 2025",
    "text": "Popped in here for coffee after lunch.  It looked like an interesting,  cute coffee shop,  and it was.Inside,  there are tables and old/used books everywhere.  Great vibe.  They have outdoor seating as well.They have all the coffee choices you could want,  and they have wine and some light food as well.Everything we had was yummy.Go. Here."
  },
  {
    "business_name": "Protagonist Cafe",
    "overall_rating": "4.7",
    "total_review_count": "(168 reviews)",
    "reviewer_name": "Alicia D.",
    "reviewer_location": "Cape Girardeau, MO",
    "date": "May 19, 2025",
    "text": "Tried the Protagonist Cafe for the first time today! Came mostly for the sweets, as I don't normally enjoy coffee. Decided I would go ahead and try their coffee, though, and the barista was quick to answer my questions, and very kind! (It's a bit embarrassing to have to ask \"what is a latte\" lol.)Ordered a samoa cookie and iced samoa latte upon the barista's recommendation, while my husband ordered the double chocolate chip cookie and chai latte - tasty! We very much enjoyed them! The double chocolate cookie was made all the more enjoyable after they warmed it up, melting the chocolate chips inside.In addition to lattes, I noted that the cafe also served tea, soda, wine, and cocktails with or without coffee (the Irish Coffee was tempting, but a little early in the day, lol). In addition to baked goods, the cafe was serving ice cream!The atmosphere was quiet, much quieter than I would normally associate with a cafe; a lot of customers were busy working on their laptops with headphones plugged in, or reading. That said, it wasn't so quiet that it felt weird to be talking inside the cafe, and they plenty of tables and seating for small groups - we were part of a party of four and quickly found a table upon entering the cafe. While the quiet atmosphere was no problem for us (I found it quite pleasant, though I'm soft spoken so it wouldn't have been an issue anyways), louder parties will be happy to know that there is picnic benches outside, on the sidewalk in front of the cafe.Looking forward to returning in the future! I can see it being the perfect place to do some work of my own - a nice change of venue! I'll also have to check out their sister-store, The Antagonist"
  },
  {
    "business_name": "Protagonist Cafe",
    "overall_rating": "4.7",
    "total_review_count": "(168 reviews)",
    "reviewer_name": "Austin S.",
    "reviewer_location": "Brentwood, MO",
    "date": "May 5, 2025",
    "text": "A staple in soulard for a reason. Protagonist is an awesome spot to cozy up, study, and enjoy some coffee. Or, just go catch up with an old friendThey have tons of great housemade flavors that are pretty adventurous as well. My favorite was the tragedy. It was a white-chocolate cranberry. Super creamy, smooth, and just a bit of tart from the cranberry. An excellent drink.The workers are wonderful, super nice, patient, and absolutely fantastic at making a dang good cup of coffee.They have a solid selection of pastries also. All in all, an amazing spot to kick back, relax, and just be still."
  },
  {
    "business_name": "Protagonist Cafe",
    "overall_rating": "4.7",
    "total_review_count": "(168 reviews)",
    "reviewer_name": "Kelse S.",
    "reviewer_location": "St. Louis, MO",
    "date": "Apr 8, 2025",
    "text": "Always one of my favorite spots to grab coffee! It's so quaint and open, well lit, tons of books, and lots of room to work. Sometimes it can be a challenge to find a table to yourself, but it's never been an issue for others if we share a table.They have a variety of baked options and coffee drinks, as well as beer and wine. Whether you're there to get some work done, read, socialize, or just relax, you definitely won't be disappointed. It kind of gives a cozy library feel.One side of the street outside is paid parking and the other isn't, so pay attention. Parking directly outside is free!"
  },
  {
    "business_name": "Protagonist Cafe",
    "overall_rating": "4.7",
    "total_review_count": "(168 reviews)",
    "reviewer_name": "Bella S.",
    "reviewer_location": "Saint Louis, MO",
    "date": "Sep 15, 2025",
    "text": "Quaint, quirky, and quiet--The Protagonist is the perfect spot to curl up with a book or hunker down to study. Seating can be limited since it's often one person per table, but it's worth the hunt. Their pastry case may be small, but the quality makes up for it--I had the Parmesan leek croissant and blueberry muffin, both tasty and far from anything you'd grab at the grocery store. The coffee itself is fine, but the seasonal Great Pumpkin is a must-try for peak fall vibes. They even serve beer, wine, and ice cream, all reasons for me to come back again."
  },
  {
    "business_name": "Protagonist Cafe",
    "overall_rating": "4.7",
    "total_review_count": "(168 reviews)",
    "reviewer_name": "Ami A.",
    "reviewer_location": "Charleston, SC",
    "date": "May 18, 2025",
    "text": "Loved everything about this coffee shop! The play on words, the extensive library inside, the coffee and the baked treats! We ordered one savory and one sweet baked good. Delicious coffee and a great place to relax, catch up with friends, work remote, or read a book. Great neighborhood too!"
  },
  {
    "business_name": "Protagonist Cafe",
    "overall_rating": "4.7",
    "total_review_count": "(168 reviews)",
    "reviewer_name": "Georgia S.",
    "reviewer_location": "Maryland Heights, MO",
    "date": "Sep 5, 2025",
    "text": "Excellent coffee, interesting desserts. Seating is random mix of vintage sofas, lounge chairs, coffee tables and cafe tables & chairs"
  },
  {
    "business_name": "Protagonist Cafe",
    "overall_rating": "4.7",
    "total_review_count": "(168 reviews)",
    "reviewer_name": "Ali L.",
    "reviewer_location": "Maplewood, MO",
    "date": "Jul 21, 2025",
    "text": "Lovely atmosphere that makes you feel like the main character from your favorite novel! The iced lattes are delicious and have cute names. I would go here for a date or to read with a friend. The service is great and quick!"
  },
  {
    "business_name": "Protagonist Cafe",
    "overall_rating": "4.7",
    "total_review_count": "(168 reviews)",
    "reviewer_name": "Jade H.",
    "reviewer_location": "Kirkwood, MO",
    "date": "Nov 16, 2024Updated review",
    "text": "Always a treat going to Protagonist. Tried out their seasonal fit latte (with oat milk) with a blueberry muffin. It's so nice they can warm up the muffin! Made for a very cozy day. Also the latte was delicious.The service is always great. I'm glad they communicate honest wait times and are so very kind about it. They're a delight and make the experience better."
  },
  {
    "business_name": "Protagonist Cafe",
    "overall_rating": "4.7",
    "total_review_count": "(168 reviews)",
    "reviewer_name": "Sadie K.",
    "reviewer_location": "Saint Louis, MO",
    "date": "Apr 2, 2025",
    "text": "I love this spot! So quirky, so unique. So Soulard. The staff is super friendly and everyone is so welcoming. It's such a warm place if you know what I mean. Very cozy, very much like home. It's always super busy. I can hardly ever find a spot to sit! That's how you know how great it is! Coffee is great, and they have great pastries and snacks as well. There is plenty of seating... If it's not full of people! But definitely stop in if you like a unique coffee shop."
  },
  {
    "business_name": "Protagonist Cafe",
    "overall_rating": "4.7",
    "total_review_count": "(168 reviews)",
    "reviewer_name": "Elizabeth H.",
    "reviewer_location": "Chesterfield, MO",
    "date": "Mar 13, 2025",
    "text": "I've been wanting to grab coffee here for so long, and finally went with a friend. The atmosphere is amazing from the moment you walk in the door. I love eclectic decor and books, so I felt right at home. The purple and green motifs reminded us of Friends, so if you're a fan of the 90s sitcom you might also enjoy stopping in. The baristas were friendly and helpful, and we were surprised to see how extensive the drink menu was. I also got some baked goods and was really pleased with the croissant, but the muffin was just okay. There's also tons of seating, making it a great place to stay and hang out for a while."
  },
  {
    "business_name": "Protagonist Cafe",
    "overall_rating": "4.7",
    "total_review_count": "(168 reviews)",
    "reviewer_name": "Vanessa W.",
    "reviewer_location": "St. Louis, MO",
    "date": "Feb 6, 2025",
    "text": "Love, love, LOVED trying this place! I came here for a first date, a little meet and greet if you will, and things went really well!Most all of the seats were taken, but we were able to split a table with someone and honestly, everyone in there was super kind so we could've split a table with anyone!I ended up having The Wentworth Latte with a Spinach Feta Croissant and both of them were so incredibly yummy!The atmosphere was adorable and the vibes were just right! The staff was friendly too!100% will be back!"
  },
  {
    "business_name": "Protagonist Cafe",
    "overall_rating": "4.7",
    "total_review_count": "(168 reviews)",
    "reviewer_name": "Annie F.",
    "reviewer_location": "Saint Louis, MO",
    "date": "Feb 22, 2025",
    "text": "Protagonist cafe is a staple in Soulard and is always booming and a place I love to visit. From the selection of coffee and drinks to the homemade treats. Protagonist not only has fantastic food/drinks but great vibes. The purposeful combination of colors, furniture and books create a space that inspires readers alike. The service does not disappoint!"
  },
  {
    "business_name": "Protagonist Cafe",
    "overall_rating": "4.7",
    "total_review_count": "(168 reviews)",
    "reviewer_name": "Grace C.",
    "reviewer_location": "Nashville-Davidson metropolitan government (balance), TN",
    "date": "Aug 11, 2024",
    "text": "One of the cutest coffeeshop-wine store-book combos! The thumbprint cookie was delicious and the ice latte hit the stop! They've got plenty of fun flavors, teas, and pastries to make this a one-stop shop!Although busy on a Saturday morning, we got our coffee & pastry quickly and enjoyed sitting in the cozy environment in the meantime!"
  },
  {
    "business_name": "Protagonist Cafe",
    "overall_rating": "4.7",
    "total_review_count": "(168 reviews)",
    "reviewer_name": "Christopher S.",
    "reviewer_location": "Austin, TX",
    "date": "Jun 10, 2024",
    "text": "Chic Cafe! It has its own Library!It has a number of unique coffee and tea options. My London Fog was hot fresh and delicious. The furniture was worn-in but comfortable. The bookshelves held many genres and the music was pleasant and eclecticOrder the cinnamon rolls!"
  },
  {
    "business_name": "Protagonist Cafe",
    "overall_rating": "4.7",
    "total_review_count": "(168 reviews)",
    "reviewer_name": "Kevin B.",
    "reviewer_location": "St. Petersburg, FL",
    "date": "Nov 16, 2024",
    "text": "This place oozes charm. Built in the 1800s, they kept the brick archway, an eye-catching feature. The staff is nice, plenty of seating options and power outlets, bathroom is clean. Great place to stop and hang!"
  },
  {
    "business_name": "Protagonist Cafe",
    "overall_rating": "4.7",
    "total_review_count": "(168 reviews)",
    "reviewer_name": "M C.",
    "reviewer_location": "Post Falls, ID",
    "date": "Feb 14, 2025",
    "text": "Just go here! Great options and wonderful coffee!To a team of 7 and every one of them were thrilled and loved every selection they made."
  },
  {
    "business_name": "Protagonist Cafe",
    "overall_rating": "4.7",
    "total_review_count": "(168 reviews)",
    "reviewer_name": "Lisa G.",
    "reviewer_location": "St. Louis, MO",
    "date": "May 21, 2024",
    "text": "Perfect and best coffee house in St. Louis.  The ambiance is the ultimate in coffee house comfort with tables for working and couches for relaxing.  There are loads of books and games if you just want to hang  out with a friend.Get your favorite coffee expertly prepared.  There is a reasonable selection of pastries and ice cream.  If  you would like a glass of wine in the 5:00 somewhere hour, Protagonist can accommodate you."
  },
  {
    "business_name": "Protagonist Cafe",
    "overall_rating": "4.7",
    "total_review_count": "(168 reviews)",
    "reviewer_name": "Shannon L.",
    "reviewer_location": "St. Louis, MO",
    "date": "May 22, 2025",
    "text": "Love the friendly vibe. The dish was savory and delicious. Yelp can not add my photos!  When did this happen?"
  },
  {
    "business_name": "Protagonist Cafe",
    "overall_rating": "4.7",
    "total_review_count": "(168 reviews)",
    "reviewer_name": "Mary C.",
    "reviewer_location": "Hershey, PA",
    "date": "Dec 8, 2024",
    "text": "The Protagonist Cafe is a really cute concept--warm baked goods and used books with comfy chairs, free Wi-Fi and tables to study make for a nice ambience! It's like a library, only you're allowed to eat inside. :) It's a bit crowded as it is popular (went early afternoon on a Sunday). Love the idea and decorations, also the staff up front is friendly! The spinach feta croissant and Parmesan leek were both yummy without being too salty. Would have preferred a better selection of books maybe--but I also know I am picky (prefer goodreads rating is at least a 4).  They do have sections divided by nonfiction, biography, fiction, travel, languages etc.) They also have a part in the front of the store with gift items like handmade paper cards and \"Blind Date with a Book\" wrapped surprise books. Overall would visit again.  There is no parking downtown so you have to pay at the meter unless it's a Sunday!"
  },
  {
    "business_name": "Protagonist Cafe",
    "overall_rating": "4.7",
    "total_review_count": "(168 reviews)",
    "reviewer_name": "Natalya R.",
    "reviewer_location": "Iowa City, IA",
    "date": "Dec 4, 2023",
    "text": "This coffee shop is inviting and so lovely to hang out and do work. I came here twice already. The first time was to check out a new coffee shop (take out order), and I liked how it looked; the coffees and pastries were delicious, so I decided to come the second time to do work. When I arrived the second time, it was busy again, and there was no open table, so I asked one of the guests if I could share a table with him (I'm glad he said yes!). I like how the cafe vibe. Hundreds of books/bookshelves surround you, Knick-knack items, and people who work on their computers.I ordered the Caramel Delight drink with regular milk and the banana walnut cake. Both were so good. The caramel delight drink was perfectly concocted--creamy, with a strong espresso taste, and sweet at the same time. The banana walnut cake was perfectly baked, too.I highly recommend this place if you are in the STL area and want that cafe vibe with delicious treats!"
  },
  {
    "business_name": "Protagonist Cafe",
    "overall_rating": "4.7",
    "total_review_count": "(168 reviews)",
    "reviewer_name": "Erika H.",
    "reviewer_location": "Lee's Summit, MO",
    "date": "Aug 1, 2025",
    "text": "Very welcoming & great customer service ( the young man told me about their book selections,pastries, & happy hour). And the coffee was the best! My Wentworth Lavender Latte was delicious! I'll definitely be back!"
  },
  {
    "business_name": "Protagonist Cafe",
    "overall_rating": "4.7",
    "total_review_count": "(168 reviews)",
    "reviewer_name": "Sara G.",
    "reviewer_location": "St. Louis, MO",
    "date": "Oct 29, 2023Updated review",
    "text": "You still have time to get a ghost art latte from Protagonist Cafe..,This neighborhood spot is a classic! The building was erected pre-civil war so instead of ruining the integrity of the building with a commercial kitchen, a coffee shop and sweet treat spot was born.The moment you step in, you're greeted by 5,000 pre-loved books. They're thoughtfully organized by subject and author's last name so you can unleash your inner book worm! The added touch of Dewey Decimal labels adds to the charm without invoking school nightmares.And don't forgot to challenge your friends at a board game at their sister spot...Pieces: Board Game Bar and Restaurant, just two blocks away."
  },
  {
    "business_name": "Protagonist Cafe",
    "overall_rating": "4.7",
    "total_review_count": "(168 reviews)",
    "reviewer_name": "Maddie W.",
    "reviewer_location": "St. Louis, MO",
    "date": "Apr 13, 2024",
    "text": "Great spot in Soulard with a good amount of seating inside. Incredibly busy on a Saturday but I thought the baristas were moving at a solid pace. I tried a strawberry latte, something seasonal, and it was delicious! Not too sweet. I'll return in the future!"
  },
  {
    "business_name": "Protagonist Cafe",
    "overall_rating": "4.7",
    "total_review_count": "(168 reviews)",
    "reviewer_name": "Cassandra G.",
    "reviewer_location": "Marietta, GA",
    "date": "Feb 20, 2024",
    "text": "Best coffee shop in Soulard! All the pastries are to die for! The cappuccinos and drip coffee are the best. The baristas are so sweet and I love the burrito stand. I will be back to try it! Also, dogs are welcome - this may be the best part of all!"
  },
  {
    "business_name": "Protagonist Cafe",
    "overall_rating": "4.7",
    "total_review_count": "(168 reviews)",
    "reviewer_name": "Kiarra B.",
    "reviewer_location": "Saint Louis, MO",
    "date": "Dec 12, 2024",
    "text": "This is my favorite coffee shop in all of greater St. Louis & I've tried a lot!! The mixed style in art & furniture & literary theme draws you in. The staff is kind and seems happy to be there  so must be treated well. They have a fun menu and vegan options. They make more than coffee and even added ice cream. There is a variety a seating that can mold to the experience you're wanting or activity. Well behaved dogs are welcome & can often be found hanging out peacefully. You can donate your books in decent condition here too, like I have. I just only wish it was closer to home so I could come more often. Please support & recommend this small business, as it deserves, so it can remain a staple of Stl."
  },
  {
    "business_name": "Protagonist Cafe",
    "overall_rating": "4.7",
    "total_review_count": "(168 reviews)",
    "reviewer_name": "Courtney O.",
    "reviewer_location": "St. Louis, MO",
    "date": "Jul 29, 2024",
    "text": "Great cafe experience with kind coffee magicians (baristas),  they have lots of comfy couches and seating options to meet with friends, get some work done or just read a good book if you desire. There is a large range of drink options as well. I went for the reliable London Fog myself (iced version for this warm day)."
  },
  {
    "business_name": "Protagonist Cafe",
    "overall_rating": "4.7",
    "total_review_count": "(168 reviews)",
    "reviewer_name": "Rachel H.",
    "reviewer_location": "Saint Louis, MO",
    "date": "Sep 3, 2023Updated review",
    "text": "Made my way to Protag's today to grab some snacks and do some work. The online ordering form said that they were out of some things I found were in stock (Parm & Leek Croissant and the Cinnamon Rolls), but listed some things as in stock when they were out (the September seasonal Maple Latte). This worked out for me since I wanted the Leek Croissant, but it's something to keep in mind.The couches were comfy to crank out my writing and outlets abounded. I was surprised it wasn't more busy on a Sunday evening.My other complaint this visit was that there were four flys hanging out around my food. This is not usual here and I do not know how they got in."
  },
  {
    "business_name": "Protagonist Cafe",
    "overall_rating": "4.7",
    "total_review_count": "(168 reviews)",
    "reviewer_name": "Sania H.",
    "reviewer_location": "Columbus, OH",
    "date": "Mar 9, 2024",
    "text": "What a cute cafe tucked into Soulard! The area is so walkable, and The Protagonist is one street over from the Soulard farmers market. I got the Thai iced coffee for $6 and it was the perfect amount of sweet and creamy. The cafe is filled with books and room to study or hang out. The menu is extensive and has something for everyone!"
  }
]